Epoch,D_Loss,G_Loss
1,-0.008496,0.01903

2,-0.006702,0.016344
